model,prediction,score,precision,recall,accuracy
random forest classifier,[0 0 0 1],0.9310344827586207,0.9759036144578314,0.8901098901098901,0.988
